{
	"id": "0c227ed0-3ee3-4e35-b425-f494e7d7bfa7",
	"name": "Prod",
	"values": [
		{
			"key": "apiUrl",
			"value": "https://api.truedialog.com/api/v2.1",
			"type": "default",
			"enabled": true
		},
		{
			"key": "apiKey",
			"value": "",
			"type": "default",
			"enabled": true
		},
		{
			"key": "apiSecret",
			"value": "",
			"type": "secret",
			"enabled": true
		},
		{
			"key": "longCode",
			"value": "",
			"type": "default",
			"enabled": true
		},
		{
			"key": "accountId",
			"value": "",
			"type": "default",
			"enabled": true
		},
		{
			"key": "imageId",
			"value": "",
			"type": "default",
			"enabled": true
		},
		{
			"key": "campaignId",
			"value": "",
			"type": "default",
			"enabled": true
		}
	],
	"_postman_variable_scope": "environment",
	"_postman_exported_at": "2024-01-04T19:58:06.382Z",
	"_postman_exported_using": "Postman/10.21.9"
}